code,name,category,level,profession_lock
A01,ช่วยอาบน้ำในห้องน้ำ (ผู้สูงอายุยืนหรือนั่งเก้าอี้ได้),สุขอนามัยส่วนบุคคล,ต้น,
A02,เช็ดตัวหรืออาบน้ำบนเตียง,สุขอนามัยส่วนบุคคล,กลาง,
A03,แปรงฟัน ทำความสะอาดช่องปากและฟันปลอม,สุขอนามัยส่วนบุคคล,ต้น,
A04,สระผม ตัดเล็บ ทาโลชั่น,สุขอนามัยส่วนบุคคล,ต้น,
A05,แต่งตัว เปลี่ยนเสื้อผ้า,สุขอนามัยส่วนบุคคล,ต้น,
A06,พาเข้าห้องน้ำ ช่วยขับถ่าย,การขับถ่าย,ต้น,
A07,เปลี่ยนผ้าอ้อม ทำความสะอาดหลังขับถ่าย,การขับถ่าย,กลาง,
A08,เทถุงปัสสาวะและดูแลสายสวนปัสสาวะที่คาไว้,การขับถ่าย,สูง,พยาบาล/ผู้ช่วยพยาบาล
A09,ดูแลถุงอุจจาระหน้าท้อง (stoma),การขับถ่าย,สูง,พยาบาล/ผู้ช่วยพยาบาล
B01,พยุงเดินในบ้าน ป้องกันการล้ม,การเคลื่อนไหวและเคลื่อนย้าย,ต้น,
B02,ช่วยใช้ไม้เท้า walker หรือรถเข็น,การเคลื่อนไหวและเคลื่อนย้าย,ต้น,
B03,ย้ายตัวเตียง-รถเข็น-เก้าอี้,การเคลื่อนไหวและเคลื่อนย้าย,กลาง,
B04,พลิกตะแคงตัวและจัดท่าป้องกันแผลกดทับ,การเคลื่อนไหวและเคลื่อนย้าย,กลาง,
B05,ยกหรือเคลื่อนย้ายผู้ป่วยติดเตียงทั้งตัว,การเคลื่อนไหวและเคลื่อนย้าย,กลาง,
C01,เตรียมอาหารตามข้อจำกัด (อ่อน บด ลดเค็ม ลดหวาน),อาหารและโภชนาการ,ต้น,
C02,ช่วยป้อนอาหารผู้ที่กินเองได้บางส่วน,อาหารและโภชนาการ,ต้น,
C03,ป้อนอาหารผู้ที่เสี่ยงสำลัก จัดท่าและเฝ้าระวัง,อาหารและโภชนาการ,กลาง,
C04,ให้อาหารทางสายยางผ่านสายที่ใส่ไว้แล้ว (NG/PEG),อาหารและโภชนาการ,สูง,พยาบาล/ผู้ช่วยพยาบาล
D01,เตือนให้กินยาตามเวลา,ยา,ต้น,
D02,จัดยาตามฉลากและให้ยากินตามแพทย์สั่ง,ยา,กลาง,
D03,ใส่ยาภายนอก ทายา หยอดตา หยอดหู,ยา,กลาง,
D04,ช่วยพ่นยาสูด (ยาพ่นสำเร็จรูปหรือ nebulizer),ยา,กลาง,
D05,ฉีดยา (รวมอินซูลิน),ยา,สูง,พยาบาลวิชาชีพเท่านั้น
E01,วัดสัญญาณชีพและบันทึก,การเฝ้าระวังสุขภาพ,ต้น,
E02,เจาะน้ำตาลปลายนิ้วด้วยเครื่องของผู้สูงอายุ,การเฝ้าระวังสุขภาพ,กลาง,
E03,ดูแลผู้ใช้ออกซิเจนที่บ้าน,การเฝ้าระวังสุขภาพ,กลาง,
E04,ดูดเสมหะ,การพยาบาลเฉพาะ,สูง,พยาบาล/ผู้ช่วยพยาบาล
E05,ดูแลท่อเจาะคอ ทำความสะอาดรอบท่อ,การพยาบาลเฉพาะ,สูง,พยาบาล/ผู้ช่วยพยาบาล
E06,ทำแผลกดทับหรือแผลเล็ก (แผลตื้น ไม่ติดเชื้อ),การพยาบาลเฉพาะ,สูง,พยาบาล/ผู้ช่วยพยาบาล
E07,ทำแผลหน้าท้อง (แผลผ่าตัดหรือรอบสาย PEG),การพยาบาลเฉพาะ,สูง,พยาบาล/ผู้ช่วยพยาบาล
F01,พาออกกำลังกายเบา ๆ และเดินเล่น,การฟื้นฟู,ต้น,
F02,ขยับข้อให้ผู้สูงอายุตามท่าที่นักกายภาพหรือพยาบาลสอนไว้,การฟื้นฟู,กลาง,
F03,กายภาพบำบัด: ประเมินและบำบัดตามโปรแกรม,การฟื้นฟู,สูง,นักกายภาพบำบัดเท่านั้น
F04,กิจกรรมกระตุ้นความจำและการรับรู้,การฟื้นฟู,ต้น,
G01,เฝ้าดูอาการและความปลอดภัย รายงานญาติเมื่อผิดปกติ,ความปลอดภัยและการเฝ้าดู,ต้น,
G02,ดูแลผู้มีภาวะสมองเสื่อม ป้องกันหลงทาง รับมือพฤติกรรม,ความปลอดภัยและการเฝ้าดู,กลาง,
G03,เฝ้าไข้กลางคืนที่บ้าน,ความปลอดภัยและการเฝ้าดู,ต้น,
H01,เป็นเพื่อนคุย อ่านหนังสือให้ฟัง ดูแลด้านจิตใจ,เพื่อนและสังคม,ต้น,
H02,พาไปทำกิจกรรมนอกบ้าน (วัด ตลาด สวนสาธารณะ),เพื่อนและสังคม,ต้น,
H03,พาไปพบแพทย์และรอกลับบ้าน,เพื่อนและสังคม,ต้น,
I01,ทำความสะอาดห้องและเปลี่ยนผ้าปูที่นอนของผู้สูงอายุ,งานบ้านที่เกี่ยวกับผู้สูงอายุ,ต้น,
I02,ซักเสื้อผ้าและล้างภาชนะของผู้สูงอายุ,งานบ้านที่เกี่ยวกับผู้สูงอายุ,ต้น,
I03,ซื้อของใช้และรับยาแทนผู้สูงอายุ,งานบ้านที่เกี่ยวกับผู้สูงอายุ,ต้น,
